{"timestamp": 1742913246.7822154, "pressure": 14.59809715808215, "temperature": 22.025239690166746}