{"timestamp": 1742913237.7791371, "pressure": 14.506877000179959, "temperature": 22.193027897829197}