{"timestamp": 1742913243.7814116, "pressure": 14.636742020794834, "temperature": 22.1749958147545}