{"timestamp": 1742913234.7783487, "pressure": 14.473284961591206, "temperature": 22.3721340962382}