{"timestamp": 1742913240.7804234, "pressure": 14.577296099826274, "temperature": 22.08541785628864}